{
	"Def":	"CameraDef",
	"Version":	1,
	"Position":	[-8.8801603317260742, -7.3231987953186035, 15.581353187561035],
	"Angles":	[-33.300056457519531, 59.5004653930664]
}